{"upper_lim": 40.872637499999996, "lower_lim": 40.580577500000004}