{"upper_lim": -73.86608249999999, "lower_lim": -74.0532625}